"Techstack","Links"
"React, Node.js, MongoDB","https://github.com/topics/react"
"Angular, .NET, SQL Server","https://github.com/topics/angular"
"Vue.js, Ruby on Rails, PostgreSQL","https://github.com/topics/vue"
"Python, Django, MySQL","https://github.com/topics/django"
"Java, Spring Boot, Oracle","https://github.com/topics/spring-boot"
"Flutter, Firebase, GraphQL","https://github.com/topics/flutter"
"WordPress, PHP, MySQL","https://wordpress.org/plugins/"
"Magento, PHP, MySQL","https://github.com/magento/magento2"
"React Native, Node.js, MongoDB","https://github.com/topics/react-native"
"iOS, Swift, Core Data","https://developer.apple.com/documentation/coredata"
"Android, Java, Room Persistence","https://developer.android.com/training/data-storage/room"
"Kotlin, Android, Firebase","https://firebase.google.com/docs/android/setup"
"Android TV, Kotlin, Android NDK","https://developer.android.com/training/tv/start"
"iOS, Swift, ARKit","https://developer.apple.com/arkit/"
"Cross-platform, Xamarin, Azure","https://dotnet.microsoft.com/apps/xamarin"
"Backend, Kotlin, Spring Boot","https://spring.io/projects/spring-boot"
"Frontend, TypeScript, Angular","https://angular.io/guide/typescript-configuration"
"Full-stack, JavaScript, Express.js","https://expressjs.com/"
"Machine Learning, Python, TensorFlow","https://www.tensorflow.org/tutorials"
"DevOps, Jenkins, Docker","https://www.jenkins.io/doc/"
